<rdf:RDF xmlns:rdf="http://www.w3.org/1999/02/22-rdf-syntax-ns#" xmlns:adms="http://www.w3.org/ns/adms#" xmlns:cnt="http://www.w3.org/2011/content#" xmlns:dc="http://purl.org/dc/elements/1.1/" xmlns:dcat="http://www.w3.org/ns/dcat#" xmlns:dct="http://purl.org/dc/terms/" xmlns:dctype="http://purl.org/dc/dcmitype/" xmlns:dqv="http://www.w3.org/ns/dqv#" xmlns:foaf="http://xmlns.com/foaf/0.1/" xmlns:geodcatap="http://data.europa.eu/930/" xmlns:gsp="http://www.opengis.net/ont/geosparql#" xmlns:locn="http://www.w3.org/ns/locn#" xmlns:owl="http://www.w3.org/2002/07/owl#" xmlns:org="http://www.w3.org/ns/org#" xmlns:prov="http://www.w3.org/ns/prov#" xmlns:rdfs="http://www.w3.org/2000/01/rdf-schema#" xmlns:schema="http://schema.org/" xmlns:sdmx-attribute="http://purl.org/linked-data/sdmx/2009/attribute#" xmlns:skos="http://www.w3.org/2004/02/skos/core#" xmlns:vcard="http://www.w3.org/2006/vcard/ns#">
  <rdf:Description>
    <foaf:isPrimaryTopicOf>
      <rdf:Description>
        <rdf:type rdf:resource="http://www.w3.org/ns/dcat#CatalogRecord"/>
        <dct:conformsTo>
          <dct:Standard rdf:about="http://data.europa.eu/930/"/>
        </dct:conformsTo>
        <dct:language>
          <dct:LinguisticSystem rdf:about="http://publications.europa.eu/resource/authority/language/SPA"/>
        </dct:language>
        <dct:modified rdf:datatype="http://www.w3.org/2001/XMLSchema#date">2013-10-08</dct:modified>
        <dct:identifier rdf:datatype="http://www.w3.org/2001/XMLSchema#string">cc94abe9-75a1-4362-8de2-c8b8e1f7cc00</dct:identifier>
        <dct:source rdf:parseType="Resource">
          <rdf:type rdf:resource="http://www.w3.org/ns/dcat#CatalogRecord"/>
          <dct:modified rdf:datatype="http://www.w3.org/2001/XMLSchema#date">2013-10-08</dct:modified>
          <cnt:characterEncoding rdf:datatype="http://www.w3.org/2001/XMLSchema#string">UTF-8</cnt:characterEncoding>
          <dct:conformsTo rdf:parseType="Resource">
            <rdf:type rdf:resource="http://purl.org/dc/terms/Standard"/>
            <dct:title xml:lang="es">Reglamento (CE) Nº 1205/2008 de Inspire + Perfil NEM v1.2</dct:title>
            <owl:versionInfo xml:lang="es">TG 2.0.1</owl:versionInfo>
          </dct:conformsTo>
        </dct:source>
      </rdf:Description>
    </foaf:isPrimaryTopicOf>
    <rdf:type rdf:resource="http://www.w3.org/ns/dcat#Dataset"/>
    <dct:type rdf:resource="http://inspire.ec.europa.eu/metadata-codelist/ResourceType/dataset"/>
    <dct:title xml:lang="es">Mapa de puntos de especial importancia en riesgo inundación fluvial T=10 años</dct:title>
    <dct:description xml:lang="es">Mapas de riesgo de puntos de especial importancia correspondientes a un escenario de probabilidad alta de inundación (periodo de retorno de 10 años), teniendo en cuenta la información relativa a instalaciones IPPC, EDAR, Patrimonio Cultural y elementos de especial importancia para Protección Civil.</dct:description>
    <dct:subject rdf:resource="http://inspire.ec.europa.eu/metadata-codelist/TopicCategory/inlandWaters"/>
    <dct:identifier rdf:datatype="http://www.w3.org/2001/XMLSchema#string">MITECO/ESMAGRAMADGAGUASNCZIMRPTOT100007</dct:identifier>
    <dct:language>
      <dct:LinguisticSystem rdf:about="http://publications.europa.eu/resource/authority/language/SPA"/>
    </dct:language>
    <dct:spatial rdf:parseType="Resource">
      <rdf:type rdf:resource="http://purl.org/dc/terms/Location"/>
      <locn:geometry rdf:datatype="http://www.opengis.net/ont/geosparql#wktLiteral"><![CDATA[POLYGON((-9.75 44.04,4.57 44.04,4.57 35.00,-9.75 35.00,-9.75 44.04))]]></locn:geometry>
      <locn:geometry rdf:datatype="http://www.opengis.net/ont/geosparql#gmlLiteral"><![CDATA[<gml:Envelope srsName="http://www.opengis.net/def/crs/OGC/1.3/CRS84"><gml:lowerCorner>-9.75 35.00</gml:lowerCorner><gml:upperCorner>4.57 44.04</gml:upperCorner></gml:Envelope>]]></locn:geometry>
      <locn:geometry rdf:datatype="https://www.iana.org/assignments/media-types/application/vnd.geo+json"><![CDATA[{"type":"Polygon","coordinates":[[[-9.75,44.04],[4.57,44.04],[4.57,35.00],[-9.75,35.00],[-9.75,44.04]]]}]]></locn:geometry>
      <locn:geometry rdf:datatype="http://www.opengis.net/ont/geosparql#geoJSONLiteral"><![CDATA[{"type":"Polygon","coordinates":[[[-9.75,44.04],[4.57,44.04],[4.57,35.00],[-9.75,35.00],[-9.75,44.04]]]}]]></locn:geometry>
      <dcat:bbox rdf:datatype="http://www.opengis.net/ont/geosparql#wktLiteral"><![CDATA[POLYGON((-9.75 44.04,4.57 44.04,4.57 35.00,-9.75 35.00,-9.75 44.04))]]></dcat:bbox>
      <dcat:bbox rdf:datatype="http://www.opengis.net/ont/geosparql#gmlLiteral"><![CDATA[<gml:Envelope srsName="http://www.opengis.net/def/crs/OGC/1.3/CRS84"><gml:lowerCorner>-9.75 35.00</gml:lowerCorner><gml:upperCorner>4.57 44.04</gml:upperCorner></gml:Envelope>]]></dcat:bbox>
      <dcat:bbox rdf:datatype="https://www.iana.org/assignments/media-types/application/vnd.geo+json"><![CDATA[{"type":"Polygon","coordinates":[[[-9.75,44.04],[4.57,44.04],[4.57,35.00],[-9.75,35.00],[-9.75,44.04]]]}]]></dcat:bbox>
      <dcat:bbox rdf:datatype="http://www.opengis.net/ont/geosparql#geoJSONLiteral"><![CDATA[{"type":"Polygon","coordinates":[[[-9.75,44.04],[4.57,44.04],[4.57,35.00],[-9.75,35.00],[-9.75,44.04]]]}]]></dcat:bbox>
    </dct:spatial>
    <dct:modified rdf:datatype="http://www.w3.org/2001/XMLSchema#date">2022-06-01</dct:modified>
    <dct:provenance>
      <dct:ProvenanceStatement>
        <rdfs:label xml:lang="es">Los puntos en riesgo se han obtenido a partir del cruce de las capas de puntos de especial importancia provenientes de diversas fuentes, con las zonas inundables calculadas previamente para el SNCZI a partir de distintas hipótesis de circulación de caudales con modelos matemáticos y el MDT proveniente de vuelos LIDAR realizados, en general, a través del programa PNOA-IGN.</rdfs:label>
      </dct:ProvenanceStatement>
    </dct:provenance>
    <dct:conformsTo>
      <rdf:Description rdf:about="http://www.opengis.net/def/crs/EPSG/0/4258">
        <rdf:type rdf:resource="http://purl.org/dc/terms/Standard"/>
        <dct:type rdf:resource="http://inspire.ec.europa.eu/glossary/SpatialReferenceSystem"/>
      </rdf:Description>
    </dct:conformsTo>
    <dqv:hasQualityMeasurement>
      <dqv:QualityMeasurement>
        <dqv:isMeasurementOf>
          <dqv:Metric rdf:about="http://data.europa.eu/930/spatialResolutionAsScale"/>
        </dqv:isMeasurementOf>
        <dqv:value rdf:datatype="http://www.w3.org/2001/XMLSchema#decimal">0.0005</dqv:value>
      </dqv:QualityMeasurement>
    </dqv:hasQualityMeasurement>
    <dcat:landingPage>
      <foaf:Document rdf:about="https://www.miteco.gob.es/es/cartografia-y-sig/ide/descargas/riesgo-puntos-ambiental-pb-t10_tcm30-175620_tcm30-531157.kmz"/>
    </dcat:landingPage>
    <dcat:landingPage>
      <foaf:Document rdf:about="https://wms.mapama.gob.es/sig/Agua/Riesgo/RiesgoPto_10/wms.aspx"/>
    </dcat:landingPage>
    <dcat:distribution>
      <dcat:Distribution>
        <dcat:accessService rdf:parseType="Resource">
          <rdf:type rdf:resource="http://www.w3.org/ns/dcat#DataService"/>
          <dct:title xml:lang="es">N/A</dct:title>
          <dcat:endpointURL rdf:resource="https://wms.mapama.gob.es/sig/Agua/Riesgo/RiesgoPto_10/wms.aspx"/>
          <dcat:endpointDescription rdf:resource="https://wms.mapama.gob.es/sig/Agua/Riesgo/RiesgoPto_10/wms.aspx?request=getcapabilities&amp;service=wms"/>
          <dct:conformsTo>
            <dct:Standard rdf:about="http://www.opengeospatial.org/standards/wms"/>
          </dct:conformsTo>
        </dcat:accessService>
        <dcat:accessURL rdf:resource="https://wms.mapama.gob.es/sig/Agua/Riesgo/RiesgoPto_10/wms.aspx?request=getcapabilities&amp;service=wms"/>
        <adms:representationTechnique rdf:resource="http://inspire.ec.europa.eu/metadata-codelist/SpatialRepresentationType/vector"/>
        <dct:format>
          <dct:MediaType>
            <rdfs:label>SHP-ArcView ShapeFile</rdfs:label>
          </dct:MediaType>
        </dct:format>
      </dcat:Distribution>
    </dcat:distribution>
    <dcat:landingPage>
      <foaf:Document rdf:about="https://www.mapama.gob.es/ide/inspire/atom/downloadservice.xml"/>
    </dcat:landingPage>
    <dcat:landingPage>
      <foaf:Document rdf:about="https://www.mapama.gob.es/ide/inspire/atom/CategAgua/downloadservice.xml"/>
    </dcat:landingPage>
    <dcat:landingPage>
      <foaf:Document rdf:about="https://sig.mapama.gob.es/snczi"/>
    </dcat:landingPage>
    <dcat:landingPage>
      <foaf:Document rdf:about="https://www.miteco.gob.es/es/cartografia-y-sig/ide/descargas/agua/riesgo-inundacion-fluvial-t10.aspx"/>
    </dcat:landingPage>
    <dcat:contactPoint>
      <rdf:Description>
        <rdf:type rdf:resource="http://www.w3.org/2006/vcard/ns#Organization"/>
        <vcard:fn xml:lang="es">Subdirección General de Protección de las Aguas y Gestión de Riesgos. Ministerio para la Transición Ecológica y el Reto Demográfico</vcard:fn>
        <vcard:hasEmail rdf:resource="mailto:Bzn-sgpagr@miteco.es"/>
        <vcard:hasAddress>
          <vcard:Address>
            <vcard:street-address>Plaza de San Juan de la Cruz, s/n</vcard:street-address>
            <vcard:locality>Madrid</vcard:locality>
            <vcard:region>Madrid</vcard:region>
            <vcard:postal-code>28071</vcard:postal-code>
            <vcard:country-name>España</vcard:country-name>
          </vcard:Address>
        </vcard:hasAddress>
      </rdf:Description>
    </dcat:contactPoint>
    <prov:qualifiedAttribution>
      <prov:Attribution>
        <prov:agent>
          <rdf:Description>
            <rdf:type rdf:resource="http://xmlns.com/foaf/0.1/Organization"/>
            <rdf:type rdf:resource="http://www.w3.org/ns/prov#Agent"/>
            <foaf:name xml:lang="es">Subdirección General de Protección de las Aguas y Gestión de Riesgos. Ministerio para la Transición Ecológica y el Reto Demográfico</foaf:name>
            <foaf:mbox rdf:resource="mailto:Bzn-sgpagr@miteco.es"/>
            <locn:address>
              <locn:Address>
                <locn:thoroughfare>Plaza de San Juan de la Cruz, s/n</locn:thoroughfare>
                <locn:postName>Madrid</locn:postName>
                <locn:adminUnitL2>Madrid</locn:adminUnitL2>
                <locn:postCode>28071</locn:postCode>
                <locn:adminUnitL1>España</locn:adminUnitL1>
              </locn:Address>
            </locn:address>
          </rdf:Description>
        </prov:agent>
        <dct:type rdf:resource="http://inspire.ec.europa.eu/metadata-codelist/ResponsiblePartyRole/pointOfContact"/>
        <dcat:hadRole>
          <dcat:Role rdf:about="http://inspire.ec.europa.eu/metadata-codelist/ResponsiblePartyRole/pointOfContact"/>
        </dcat:hadRole>
      </prov:Attribution>
    </prov:qualifiedAttribution>
  </rdf:Description>
</rdf:RDF>
