<rdf:RDF xmlns:rdf="http://www.w3.org/1999/02/22-rdf-syntax-ns#" xmlns:adms="http://www.w3.org/ns/adms#" xmlns:cnt="http://www.w3.org/2011/content#" xmlns:dc="http://purl.org/dc/elements/1.1/" xmlns:dcat="http://www.w3.org/ns/dcat#" xmlns:dct="http://purl.org/dc/terms/" xmlns:dctype="http://purl.org/dc/dcmitype/" xmlns:dqv="http://www.w3.org/ns/dqv#" xmlns:foaf="http://xmlns.com/foaf/0.1/" xmlns:geodcatap="http://data.europa.eu/930/" xmlns:gsp="http://www.opengis.net/ont/geosparql#" xmlns:locn="http://www.w3.org/ns/locn#" xmlns:owl="http://www.w3.org/2002/07/owl#" xmlns:org="http://www.w3.org/ns/org#" xmlns:prov="http://www.w3.org/ns/prov#" xmlns:rdfs="http://www.w3.org/2000/01/rdf-schema#" xmlns:schema="http://schema.org/" xmlns:sdmx-attribute="http://purl.org/linked-data/sdmx/2009/attribute#" xmlns:skos="http://www.w3.org/2004/02/skos/core#" xmlns:vcard="http://www.w3.org/2006/vcard/ns#">
  <rdf:Description>
    <foaf:isPrimaryTopicOf>
      <rdf:Description>
        <rdf:type rdf:resource="http://www.w3.org/ns/dcat#CatalogRecord"/>
        <dct:conformsTo>
          <dct:Standard rdf:about="http://data.europa.eu/930/"/>
        </dct:conformsTo>
        <dct:language>
          <dct:LinguisticSystem rdf:about="http://publications.europa.eu/resource/authority/language/ENG"/>
        </dct:language>
        <dct:modified rdf:datatype="http://www.w3.org/2001/XMLSchema#dateTime">2019-05-15T09:00:00</dct:modified>
        <dcat:contactPoint>
          <rdf:Description>
            <rdf:type rdf:resource="http://www.w3.org/2006/vcard/ns#Organization"/>
            <vcard:fn xml:lang="en">MyOrganisation</vcard:fn>
            <vcard:hasEmail rdf:resource="mailto:info@my-organisation.eu"/>
          </rdf:Description>
        </dcat:contactPoint>
        <prov:qualifiedAttribution>
          <prov:Attribution>
            <prov:agent>
              <rdf:Description>
                <rdf:type rdf:resource="http://xmlns.com/foaf/0.1/Organization"/>
                <rdf:type rdf:resource="http://www.w3.org/ns/prov#Agent"/>
                <foaf:name xml:lang="en">MyOrganisation</foaf:name>
                <foaf:mbox rdf:resource="mailto:info@my-organisation.eu"/>
              </rdf:Description>
            </prov:agent>
            <dct:type rdf:resource="http://inspire.ec.europa.eu/metadata-codelist/ResponsiblePartyRole/pointOfContact"/>
            <dcat:hadRole>
              <dcat:Role rdf:about="http://inspire.ec.europa.eu/metadata-codelist/ResponsiblePartyRole/pointOfContact"/>
            </dcat:hadRole>
          </prov:Attribution>
        </prov:qualifiedAttribution>
        <dct:identifier rdf:datatype="http://www.w3.org/2001/XMLSchema#string">123e4567-e89b-12d3-a456-426655440000</dct:identifier>
        <dct:source rdf:parseType="Resource">
          <rdf:type rdf:resource="http://www.w3.org/ns/dcat#CatalogRecord"/>
          <dct:modified rdf:datatype="http://www.w3.org/2001/XMLSchema#date">2019-05-15T09:00:00</dct:modified>
          <cnt:characterEncoding rdf:datatype="http://www.w3.org/2001/XMLSchema#string">UTF-8</cnt:characterEncoding>
        </dct:source>
      </rdf:Description>
    </foaf:isPrimaryTopicOf>
    <rdf:type rdf:resource="http://www.w3.org/ns/dcat#Dataset"/>
    <dct:type rdf:resource="http://inspire.ec.europa.eu/metadata-codelist/ResourceType/dataset"/>
    <dct:title xml:lang="en">Land Use map of MyCountry</dct:title>
    <dct:description xml:lang="en">This dataset provides a map of the land use distribution of MyCountry.</dct:description>
    <dct:subject rdf:resource="http://inspire.ec.europa.eu/metadata-codelist/TopicCategory/planningCadastre"/>
    <dcat:theme rdf:resource="http://inspire.ec.europa.eu/theme/lu"/>
    <dcat:theme rdf:resource="https://www.eionet.europa.eu/gemet/en/concept/4614"/>
    <dcat:theme rdf:resource="https://www.eionet.europa.eu/gemet/en/concept/11323"/>
    <dct:identifier rdf:datatype="http://www.w3.org/2001/XMLSchema#string"/>
    <dct:language>
      <dct:LinguisticSystem rdf:about="http://publications.europa.eu/resource/authority/language/ENG"/>
    </dct:language>
    <dct:spatial rdf:parseType="Resource">
      <rdf:type rdf:resource="http://purl.org/dc/terms/Location"/>
      <locn:geometry rdf:datatype="http://www.opengis.net/ont/geosparql#wktLiteral"><![CDATA[POLYGON((14.18 36.08,14.58 36.08,14.58 35.81,14.18 35.81,14.18 36.08))]]></locn:geometry>
      <locn:geometry rdf:datatype="http://www.opengis.net/ont/geosparql#gmlLiteral"><![CDATA[<gml:Envelope srsName="http://www.opengis.net/def/crs/OGC/1.3/CRS84"><gml:lowerCorner>14.18 35.81</gml:lowerCorner><gml:upperCorner>14.58 36.08</gml:upperCorner></gml:Envelope>]]></locn:geometry>
      <locn:geometry rdf:datatype="https://www.iana.org/assignments/media-types/application/vnd.geo+json"><![CDATA[{"type":"Polygon","coordinates":[[[14.18,36.08],[14.58,36.08],[14.58,35.81],[14.18,35.81],[14.18,36.08]]]}]]></locn:geometry>
      <locn:geometry rdf:datatype="http://www.opengis.net/ont/geosparql#geoJSONLiteral"><![CDATA[{"type":"Polygon","coordinates":[[[14.18,36.08],[14.58,36.08],[14.58,35.81],[14.18,35.81],[14.18,36.08]]]}]]></locn:geometry>
      <dcat:bbox rdf:datatype="http://www.opengis.net/ont/geosparql#wktLiteral"><![CDATA[POLYGON((14.18 36.08,14.58 36.08,14.58 35.81,14.18 35.81,14.18 36.08))]]></dcat:bbox>
      <dcat:bbox rdf:datatype="http://www.opengis.net/ont/geosparql#gmlLiteral"><![CDATA[<gml:Envelope srsName="http://www.opengis.net/def/crs/OGC/1.3/CRS84"><gml:lowerCorner>14.18 35.81</gml:lowerCorner><gml:upperCorner>14.58 36.08</gml:upperCorner></gml:Envelope>]]></dcat:bbox>
      <dcat:bbox rdf:datatype="https://www.iana.org/assignments/media-types/application/vnd.geo+json"><![CDATA[{"type":"Polygon","coordinates":[[[14.18,36.08],[14.58,36.08],[14.58,35.81],[14.18,35.81],[14.18,36.08]]]}]]></dcat:bbox>
      <dcat:bbox rdf:datatype="http://www.opengis.net/ont/geosparql#geoJSONLiteral"><![CDATA[{"type":"Polygon","coordinates":[[[14.18,36.08],[14.58,36.08],[14.58,35.81],[14.18,35.81],[14.18,36.08]]]}]]></dcat:bbox>
    </dct:spatial>
    <dct:temporal>
      <dct:PeriodOfTime>
        <schema:startDate rdf:datatype="http://www.w3.org/2001/XMLSchema#date">2019-04-29</schema:startDate>
        <dcat:startDate rdf:datatype="http://www.w3.org/2001/XMLSchema#date">2019-04-29</dcat:startDate>
      </dct:PeriodOfTime>
    </dct:temporal>
    <dct:created rdf:datatype="http://www.w3.org/2001/XMLSchema#date">2019-05-15</dct:created>
    <dct:provenance>
      <dct:ProvenanceStatement>
        <rdfs:label xml:lang="en">The Land Use Map is built with the privileged support of a basic layer, which covers the entire territory and whose theme presents a close connection with land use. The method used is based on five successive steps: 1. The base layer is crossed by geoprocessing with other themes providing additional information on land use. 2. The resulting information is summarized at the scale of the surface features of the base layer. 3. The application of a typology then makes it possible to classify these surface entities (polygons) in the different occupation classes differentiated in the legend. 4. At the end of this classification, some base layer polygons with mixed land occupations are treated in a specific way (division and reallocation). 5. The final step is to produce the final land use map by a process of aggregation (dissolution) of polygons belonging to the same occupancy class. This last manipulation can be done by considering different levels of detail of the legend. The last version was carried out by photo-interpretation on the basis of Orthophotos 2006 - 2007 in combination with the national 10,000 basemap, the axes of the railway, road and hydrographic networks.</rdfs:label>
      </dct:ProvenanceStatement>
    </dct:provenance>
    <dct:conformsTo>
      <rdf:Description rdf:about="http://www.opengis.net/def/crs/EPSG/0/4258">
        <rdf:type rdf:resource="http://purl.org/dc/terms/Standard"/>
        <dct:type rdf:resource="http://inspire.ec.europa.eu/glossary/SpatialReferenceSystem"/>
      </rdf:Description>
    </dct:conformsTo>
    <dqv:hasQualityMeasurement>
      <dqv:QualityMeasurement>
        <dqv:isMeasurementOf>
          <dqv:Metric rdf:about="http://data.europa.eu/930/spatialResolutionAsScale"/>
        </dqv:isMeasurementOf>
        <dqv:value rdf:datatype="http://www.w3.org/2001/XMLSchema#decimal">0.00002</dqv:value>
      </dqv:QualityMeasurement>
    </dqv:hasQualityMeasurement>
    <dct:conformsTo>
      <dct:Standard rdf:about="http://data.europa.eu/eli/reg/2010/1089"/>
    </dct:conformsTo>
    <prov:wasUsedBy>
      <prov:Activity>
        <prov:qualifiedAssociation rdf:parseType="Resource">
          <rdf:type rdf:resource="http://www.w3.org/ns/prov#Association"/>
          <prov:hadPlan rdf:parseType="Resource">
            <rdf:type rdf:resource="http://www.w3.org/ns/prov#Plan"/>
            <prov:wasDerivedFrom>
              <prov:Entity rdf:about="http://data.europa.eu/eli/reg/2010/1089"/>
            </prov:wasDerivedFrom>
          </prov:hadPlan>
        </prov:qualifiedAssociation>
        <prov:generated rdf:parseType="Resource">
          <rdf:type rdf:resource="http://www.w3.org/ns/prov#Entity"/>
          <dct:type rdf:resource="http://inspire.ec.europa.eu/metadata-codelist/DegreeOfConformity/conformant"/>
          <dct:description xml:lang="en">This data set is conformant with the INSPIRE Implementing Rules for the interoperability of spatial data sets and services</dct:description>
        </prov:generated>
      </prov:Activity>
    </prov:wasUsedBy>
    <dcat:distribution>
      <dcat:Distribution>
        <dct:title xml:lang="en">WFS GetFeature request for downloading the data set related to Land Use</dct:title>
        <dcat:accessURL rdf:resource="http://www.my-organisation.eu/wfs?VERSION=2.0.0&amp;SERVICE=WFS&amp;REQUEST=GetFeature&amp;STOREDQUERY_ID=urn:ogc:def:query:OGC-WFS::GetFeatureById&amp;ID=land-use-map"/>
        <dct:license>
          <dct:LicenseDocument rdf:about="http://inspire.ec.europa.eu/metadata-codelist/ConditionsApplyingToAccessAndUse/noConditionsApply"/>
        </dct:license>
        <dct:accessRights>
          <dct:RightsStatement rdf:about="http://inspire.ec.europa.eu/metadata-codelist/LimitationsOnPublicAccess/INSPIRE_Directive_Article13_1d"/>
        </dct:accessRights>
        <adms:representationTechnique rdf:resource="http://inspire.ec.europa.eu/metadata-codelist/SpatialRepresentationType/vector"/>
        <dcat:mediaType>
          <dct:MediaType rdf:about="https://www.iana.org/assignments/media-types/application/gml+xml"/>
        </dcat:mediaType>
      </dcat:Distribution>
    </dcat:distribution>
    <dct:rightsHolder>
      <rdf:Description>
        <rdf:type rdf:resource="http://xmlns.com/foaf/0.1/Organization"/>
        <rdf:type rdf:resource="http://www.w3.org/ns/prov#Agent"/>
        <foaf:name xml:lang="en">MyOrganisation</foaf:name>
        <foaf:mbox rdf:resource="mailto:info@my-organisation.eu"/>
      </rdf:Description>
    </dct:rightsHolder>
    <prov:qualifiedAttribution>
      <prov:Attribution>
        <prov:agent>
          <rdf:Description>
            <rdf:type rdf:resource="http://xmlns.com/foaf/0.1/Organization"/>
            <rdf:type rdf:resource="http://www.w3.org/ns/prov#Agent"/>
            <foaf:name xml:lang="en">MyOrganisation</foaf:name>
            <foaf:mbox rdf:resource="mailto:info@my-organisation.eu"/>
          </rdf:Description>
        </prov:agent>
        <dct:type rdf:resource="http://inspire.ec.europa.eu/metadata-codelist/ResponsiblePartyRole/owner"/>
        <dcat:hadRole>
          <dcat:Role rdf:about="http://inspire.ec.europa.eu/metadata-codelist/ResponsiblePartyRole/owner"/>
        </dcat:hadRole>
      </prov:Attribution>
    </prov:qualifiedAttribution>
  </rdf:Description>
</rdf:RDF>
