<?xml version="1.0" encoding="UTF-8"?>
<csw:GetRecordByIdResponse xmlns:csw="http://www.opengis.net/cat/csw/2.0.2">
  <gmd:MD_Metadata xmlns:gmd="http://www.isotc211.org/2005/gmd" xmlns:gml="http://www.opengis.net/gml/3.2" xmlns:gco="http://www.isotc211.org/2005/gco" xmlns:xlink="http://www.w3.org/1999/xlink" xmlns:gmx="http://www.isotc211.org/2005/gmx" xmlns:geonet="http://www.fao.org/geonetwork">
    <gmd:fileIdentifier>
      <gco:CharacterString>cc94abe9-75a1-4362-8de2-c8b8e1f7cc00</gco:CharacterString>
    </gmd:fileIdentifier>
    <gmd:language>
      <gmd:LanguageCode codeList="http://www.loc.gov/standards/iso639-2/" codeListValue="spa" />
    </gmd:language>
    <gmd:characterSet>
      <gmd:MD_CharacterSetCode codeList="http://standards.iso.org/ittf/PubliclyAvailableStandards/ISO_19139_Schemas/resources/codelist/ML_gmxCodelists.xml#MD_CharacterSetCode" codeListValue="utf8" />
    </gmd:characterSet>
    <gmd:hierarchyLevel>
      <gmd:MD_ScopeCode codeList="http://standards.iso.org/ittf/PubliclyAvailableStandards/ISO_19139_Schemas/resources/codelist/ML_gmxCodelists.xml#MD_ScopeCode" codeListValue="dataset" />
    </gmd:hierarchyLevel>
    <gmd:dateStamp>
      <gco:Date>2013-10-08</gco:Date>
    </gmd:dateStamp>
    <gmd:metadataStandardName>
      <gco:CharacterString>Reglamento (CE) Nº 1205/2008 de Inspire + Perfil NEM v1.2</gco:CharacterString>
    </gmd:metadataStandardName>
    <gmd:metadataStandardVersion>
      <gco:CharacterString>TG 2.0.1</gco:CharacterString>
    </gmd:metadataStandardVersion>
    <gmd:referenceSystemInfo>
      <gmd:MD_ReferenceSystem>
        <gmd:referenceSystemIdentifier>
          <gmd:RS_Identifier>
            <gmd:code>
              <gmx:Anchor xlink:href="http://www.opengis.net/def/crs/EPSG/0/4258">EPSG:4258 (ETRS89 coordenadas geográficas)</gmx:Anchor>
            </gmd:code>
          </gmd:RS_Identifier>
        </gmd:referenceSystemIdentifier>
      </gmd:MD_ReferenceSystem>
    </gmd:referenceSystemInfo>
    <gmd:identificationInfo>
      <gmd:MD_DataIdentification>
        <gmd:citation>
          <gmd:CI_Citation>
            <gmd:title>
              <gco:CharacterString>Mapa de puntos de especial importancia en riesgo inundación fluvial T=10 años</gco:CharacterString>
            </gmd:title>
            <gmd:date>
              <gmd:CI_Date>
                <gmd:date>
                  <gco:Date>2022-06-01</gco:Date>
                </gmd:date>
                <gmd:dateType>
                  <gmd:CI_DateTypeCode codeList="http://standards.iso.org/ittf/PubliclyAvailableStandards/ISO_19139_Schemas/resources/codelist/ML_gmxCodelists.xml#CI_DateTypeCode" codeListValue="revision" />
                </gmd:dateType>
              </gmd:CI_Date>
            </gmd:date>
            <gmd:identifier>
              <gmd:RS_Identifier>
                <gmd:code>
                  <gco:CharacterString>ESMAGRAMADGAGUASNCZIMRPTOT100007</gco:CharacterString>
                </gmd:code>
                <gmd:codeSpace>
                  <gco:CharacterString>MITECO</gco:CharacterString>
                </gmd:codeSpace>
              </gmd:RS_Identifier>
            </gmd:identifier>
            <gmd:citedResponsibleParty>
              <gmd:CI_ResponsibleParty>
                <gmd:organisationName>
                  <gco:CharacterString>Ministerio para la Transición Ecológica y el Reto Demográfico</gco:CharacterString>
                </gmd:organisationName>
                <gmd:positionName>
                  <gco:CharacterString>Subdirección General de Protección de las Aguas y Gestión de Riesgos</gco:CharacterString>
                </gmd:positionName>
                <gmd:contactInfo>
                  <gmd:CI_Contact>
                    <gmd:address>
                      <gmd:CI_Address>
                        <gmd:deliveryPoint>
                          <gco:CharacterString>Plaza de San Juan de la Cruz, s/n</gco:CharacterString>
                        </gmd:deliveryPoint>
                        <gmd:city>
                          <gco:CharacterString>Madrid</gco:CharacterString>
                        </gmd:city>
                        <gmd:administrativeArea>
                          <gco:CharacterString>Madrid</gco:CharacterString>
                        </gmd:administrativeArea>
                        <gmd:postalCode>
                          <gco:CharacterString>28071</gco:CharacterString>
                        </gmd:postalCode>
                        <gmd:country>
                          <gco:CharacterString>España</gco:CharacterString>
                        </gmd:country>
                        <gmd:electronicMailAddress>
                          <gco:CharacterString>Bzn-sgpagr@miteco.es</gco:CharacterString>
                        </gmd:electronicMailAddress>
                      </gmd:CI_Address>
                    </gmd:address>
                    <gmd:onlineResource>
                      <gmd:CI_OnlineResource>
                        <gmd:linkage>
                          <gmd:URL>https://www.miteco.gob.es/es/</gmd:URL>
                        </gmd:linkage>
                      </gmd:CI_OnlineResource>
                    </gmd:onlineResource>
                  </gmd:CI_Contact>
                </gmd:contactInfo>
                <gmd:role>
                  <gmd:CI_RoleCode codeList="http://standards.iso.org/ittf/PubliclyAvailableStandards/ISO_19139_Schemas/resources/codelist/ML_gmxCodelists.xml#CI_RoleCode" codeListValue="custodian" />
                </gmd:role>
              </gmd:CI_ResponsibleParty>
            </gmd:citedResponsibleParty>
          </gmd:CI_Citation>
        </gmd:citation>
        <gmd:abstract>
          <gco:CharacterString>Mapas de riesgo de puntos de especial importancia correspondientes a un escenario de probabilidad alta de inundación (periodo de retorno de 10 años), teniendo en cuenta la información relativa a instalaciones IPPC, EDAR, Patrimonio Cultural y elementos de especial importancia para Protección Civil.</gco:CharacterString>
        </gmd:abstract>
        <gmd:graphicOverview>
          <gmd:MD_BrowseGraphic>
            <gmd:fileName>
              <gco:CharacterString>ESMAGRAMADGAGUA_SNCZI_MR_PTO_T10_0007_vInspire_s.png</gco:CharacterString>
            </gmd:fileName>
          </gmd:MD_BrowseGraphic>
        </gmd:graphicOverview>
        <gmd:graphicOverview>
          <gmd:MD_BrowseGraphic>
            <gmd:fileName>
              <gco:CharacterString>ESMAGRAMADGAGUA_SNCZI_MR_PTO_T10_0007_vInspire.png</gco:CharacterString>
            </gmd:fileName>
          </gmd:MD_BrowseGraphic>
        </gmd:graphicOverview>
        <gmd:pointOfContact>
          <gmd:CI_ResponsibleParty>
            <gmd:organisationName>
              <gco:CharacterString>Subdirección General de Protección de las Aguas y Gestión de Riesgos. Ministerio para la Transición Ecológica y el Reto Demográfico</gco:CharacterString>
            </gmd:organisationName>
            <gmd:contactInfo>
              <gmd:CI_Contact>
                <gmd:address>
                  <gmd:CI_Address>
                    <gmd:deliveryPoint>
                      <gco:CharacterString>Plaza de San Juan de la Cruz, s/n</gco:CharacterString>
                    </gmd:deliveryPoint>
                    <gmd:city>
                      <gco:CharacterString>Madrid</gco:CharacterString>
                    </gmd:city>
                    <gmd:administrativeArea>
                      <gco:CharacterString>Madrid</gco:CharacterString>
                    </gmd:administrativeArea>
                    <gmd:postalCode>
                      <gco:CharacterString>28071</gco:CharacterString>
                    </gmd:postalCode>
                    <gmd:country>
                      <gco:CharacterString>España</gco:CharacterString>
                    </gmd:country>
                    <gmd:electronicMailAddress>
                      <gco:CharacterString>Bzn-sgpagr@miteco.es</gco:CharacterString>
                    </gmd:electronicMailAddress>
                  </gmd:CI_Address>
                </gmd:address>
              </gmd:CI_Contact>
            </gmd:contactInfo>
            <gmd:role>
              <gmd:CI_RoleCode codeList="http://standards.iso.org/ittf/PubliclyAvailableStandards/ISO_19139_Schemas/resources/codelist/ML_gmxCodelists.xml#CI_RoleCode" codeListValue="pointOfContact" />
            </gmd:role>
          </gmd:CI_ResponsibleParty>
        </gmd:pointOfContact>
        <gmd:resourceConstraints>
          <gmd:MD_LegalConstraints />
        </gmd:resourceConstraints>
        <gmd:resourceConstraints>
          <gmd:MD_LegalConstraints>
            <gmd:accessConstraints>
              <gmd:MD_RestrictionCode codeListValue="otherRestrictions" codeList="http://standards.iso.org/ittf/PubliclyAvailableStandards/ISO_19139_Schemas/resources/codelist/ML_gmxCodelists.xml#MD_RestrictionCode" />
            </gmd:accessConstraints>
          </gmd:MD_LegalConstraints>
        </gmd:resourceConstraints>
        <gmd:resourceConstraints>
          <gmd:MD_SecurityConstraints>
            <gmd:classification>
              <gmd:MD_ClassificationCode codeList="http://standards.iso.org/ittf/PubliclyAvailableStandards/ISO_19139_Schemas/resources/codelist/ML_gmxCodelists.xml#MD_ClassificationCode" codeListValue="unclassified" />
            </gmd:classification>
          </gmd:MD_SecurityConstraints>
        </gmd:resourceConstraints>
        <gmd:spatialRepresentationType>
          <gmd:MD_SpatialRepresentationTypeCode codeList="http://standards.iso.org/ittf/PubliclyAvailableStandards/ISO_19139_Schemas/resources/codelist/ML_gmxCodelists.xml#MD_SpatialRepresentationTypeCode" codeListValue="vector" />
        </gmd:spatialRepresentationType>
        <gmd:spatialResolution>
          <gmd:MD_Resolution>
            <gmd:equivalentScale>
              <gmd:MD_RepresentativeFraction>
                <gmd:denominator>
                  <gco:Integer>2000</gco:Integer>
                </gmd:denominator>
              </gmd:MD_RepresentativeFraction>
            </gmd:equivalentScale>
          </gmd:MD_Resolution>
        </gmd:spatialResolution>
        <gmd:language>
          <gmd:LanguageCode codeList="http://www.loc.gov/standards/iso639-2/" codeListValue="spa" />
        </gmd:language>
        <gmd:topicCategory>
          <gmd:MD_TopicCategoryCode>inlandWaters</gmd:MD_TopicCategoryCode>
        </gmd:topicCategory>
        <gmd:extent>
          <gmd:EX_Extent>
            <gmd:geographicElement>
              <gmd:EX_GeographicBoundingBox>
                <gmd:westBoundLongitude>
                  <gco:Decimal>-9.75</gco:Decimal>
                </gmd:westBoundLongitude>
                <gmd:southBoundLatitude>
                  <gco:Decimal>35.00</gco:Decimal>
                </gmd:southBoundLatitude>
                <gmd:eastBoundLongitude>
                  <gco:Decimal>4.57</gco:Decimal>
                </gmd:eastBoundLongitude>
                <gmd:northBoundLatitude>
                  <gco:Decimal>44.04</gco:Decimal>
                </gmd:northBoundLatitude>
              </gmd:EX_GeographicBoundingBox>
            </gmd:geographicElement>
          </gmd:EX_Extent>
        </gmd:extent>
      </gmd:MD_DataIdentification>
    </gmd:identificationInfo>
    <gmd:distributionInfo>
      <gmd:MD_Distribution>
        <gmd:distributionFormat>
          <gmd:MD_Format>
            <gmd:name>
              <gco:CharacterString>SHP-ArcView ShapeFile</gco:CharacterString>
            </gmd:name>
            <gmd:version>
              <gco:CharacterString>Desconocido</gco:CharacterString>
            </gmd:version>
          </gmd:MD_Format>
        </gmd:distributionFormat>
        <gmd:transferOptions>
          <gmd:MD_DigitalTransferOptions>
            <gmd:onLine>
              <gmd:CI_OnlineResource>
                <gmd:linkage>
                  <gmd:URL>https://www.miteco.gob.es/es/cartografia-y-sig/ide/descargas/riesgo-puntos-ambiental-pb-t10_tcm30-175620_tcm30-531157.kmz</gmd:URL>
                </gmd:linkage>
              </gmd:CI_OnlineResource>
            </gmd:onLine>
            <gmd:onLine>
              <gmd:CI_OnlineResource>
                <gmd:linkage>
                  <gmd:URL>https://wms.mapama.gob.es/sig/Agua/Riesgo/RiesgoPto_10/wms.aspx</gmd:URL>
                </gmd:linkage>
              </gmd:CI_OnlineResource>
            </gmd:onLine>
            <gmd:onLine>
              <gmd:CI_OnlineResource>
                <gmd:linkage>
                  <gmd:URL>https://wms.mapama.gob.es/sig/Agua/Riesgo/RiesgoPto_10/wms.aspx?request=getcapabilities&amp;service=wms</gmd:URL>
                </gmd:linkage>
              </gmd:CI_OnlineResource>
            </gmd:onLine>
            <gmd:onLine>
              <gmd:CI_OnlineResource>
                <gmd:linkage>
                  <gmd:URL>https://www.mapama.gob.es/ide/inspire/atom/downloadservice.xml</gmd:URL>
                </gmd:linkage>
              </gmd:CI_OnlineResource>
            </gmd:onLine>
            <gmd:onLine>
              <gmd:CI_OnlineResource>
                <gmd:linkage>
                  <gmd:URL>https://www.mapama.gob.es/ide/inspire/atom/CategAgua/downloadservice.xml</gmd:URL>
                </gmd:linkage>
              </gmd:CI_OnlineResource>
            </gmd:onLine>
            <gmd:onLine>
              <gmd:CI_OnlineResource>
                <gmd:linkage>
                  <gmd:URL>https://sig.mapama.gob.es/snczi</gmd:URL>
                </gmd:linkage>
              </gmd:CI_OnlineResource>
            </gmd:onLine>
            <gmd:onLine>
              <gmd:CI_OnlineResource>
                <gmd:linkage>
                  <gmd:URL>https://www.miteco.gob.es/es/cartografia-y-sig/ide/descargas/agua/riesgo-inundacion-fluvial-t10.aspx</gmd:URL>
                </gmd:linkage>
              </gmd:CI_OnlineResource>
            </gmd:onLine>
          </gmd:MD_DigitalTransferOptions>
        </gmd:transferOptions>
      </gmd:MD_Distribution>
    </gmd:distributionInfo>
    <gmd:dataQualityInfo>
      <gmd:DQ_DataQuality>
        <gmd:lineage>
          <gmd:LI_Lineage>
            <gmd:statement>
              <gco:CharacterString>Los puntos en riesgo se han obtenido a partir del cruce de las capas de puntos de especial importancia provenientes de diversas fuentes, con las zonas inundables calculadas previamente para el SNCZI a partir de distintas hipótesis de circulación de caudales con modelos matemáticos y el MDT proveniente de vuelos LIDAR realizados, en general, a través del programa PNOA-IGN.</gco:CharacterString>
            </gmd:statement>
            <gmd:processStep>
              <gmd:LI_ProcessStep>
                <gmd:description>
                  <gco:CharacterString>· Recopilación de la información existente.
								· Extracción y análisis de la información relevante.
								· Validación de la información relevante de acuerdo a los estándares de calidad exigidos.
								· Preparación/digitalización de las zonas inundables.
								· Georreferenciación de la información espacial.
								· Grabación de la información alfanumérica asociada.
								· Integración de las zonas nuevas con las ya existentes.
								· Publicación.</gco:CharacterString>
                </gmd:description>
              </gmd:LI_ProcessStep>
            </gmd:processStep>
          </gmd:LI_Lineage>
        </gmd:lineage>
      </gmd:DQ_DataQuality>
    </gmd:dataQualityInfo>
  </gmd:MD_Metadata>
</csw:GetRecordByIdResponse>

